extract	country	city	top	left	bottom	right
udine_italy	Italy	Udine	46.118	13.184	46.001	13.295
gaborone_botswana	Botswana	Gaborone	-24.488	25.757	-24.728	26.054
annaba_algeria	Algeria	Annaba	36.970	7.695	36.866	7.793
lilongwe_malawi	Malawi	Lilongwe	-13.860	33.652	-14.092	33.906
luanda_angola	Angola	Luanda	-8.729	13.086	-9.089	13.500
alexandria_egypt	Egypt	Alexandria	31.432	29.689	31.024	30.295
harare_zimbabwe	Zimbabwe	Harare	-17.508	30.701	-18.161	31.377
dar-es-salaam_tanzania	Tanzania	Dar Es Salaam	-6.502	38.894	-7.120	39.661
kano_nigeria	Nigeria	Kano	12.082	8.428	11.919	8.625
tunis_tunisia	Tunisia	Tunis	37.008	9.978	36.659	10.493
victoria_seychelles	Seychelles	Victoria	-4.206	55.191	-4.823	56.000
chinhoyi_zimbabwe	Zimbabwe	Chinhoyi	33.652	-7.737	33.487	-7.456
lome_togo	Togo	Lome	6.298	1.064	6.083	1.411
ouagadougou_burkina-faso	Burkina Faso	Ouagadougou	12.489	-1.689	12.256	-1.397
tindouf_algeria	Algeria	Tindouf	28.923	-8.667	25.569	-3.980
oran_algeria	Algeria	Oran	35.770	-0.730	35.645	-0.553
dakar_senegal	Senegal	Dakar	14.863	-17.535	14.641	-17.216
niamey_niger	Niger	Niamey	13.605	1.979	13.404	2.234
mocuba_mozambique	Mozambique	Mocuba	-16.167	35.824	-17.450	37.664
conakry_guinea	Guinea	Conakry	-17.343	30.156	-17.344	30.222
abidjan_ivory-coast	Ivory Coast	Abidjan	5.523	-4.183	5.220	-3.849
lagos_nigeria	Nigeria	Lagos	6.910	2.889	6.320	3.834
juba_south-sudan	South Sudan	Juba	4.928	31.491	4.786	31.653
maputo_mozambique	Mozambique	Maputo	-25.810	32.391	-26.045	32.706
constantine_algeria	Algeria	Constantine	36.449	6.528	36.259	6.767
bamako_mali	Mali	Bamako	12.726	-8.115	12.500	-7.901
maiduguri_nigeria	Nigeria	Maiduguri	12.142	12.679	11.553	13.526
cairo_egypt	Egypt	Cairo	30.564	30.897	29.761	31.710
accra_ghana	Ghana	Accra	5.675	-0.437	5.475	-0.071
antananarivo_madagascar	Madagascar	Antananarivo	-18.772	47.370	-19.025	47.679
saint-louis_senegal	Senegal	Saint Louis	16.085	-16.556	15.952	-16.393
kinshasa_congo	Congo	Kinshasa	-4.293	15.176	-4.509	15.470
kampala_uganda	Uganda	Kampala	0.600	32.287	-0.081	32.866
mekelle_ethiopia	Ethiopia	Mekelle	13.654	39.343	13.364	39.629
nairobi_kenya	Kenya	Nairobi	-0.965	36.582	-1.488	37.056
durban_south-africa	South Africa	Durban	-29.694	30.730	-30.111	31.109
tamale_ghana	Ghana	Tamale	9.483	-0.908	9.353	-0.773
mogadishu_somalia	Somalia	Mogadishu	2.330	45.025	1.773	45.636
ibadan_nigeria	Nigeria	Ibadan	7.476	3.839	7.302	4.025
bangui_central-african-republic	Central African Republic	Bangui	4.495	18.444	4.283	18.677
kigali_rwanda	Rwanda	Kigali	-1.698	29.910	-2.126	30.288
monrovia_liberia	Liberia	Monrovia	6.435	-10.903	6.194	-10.554
algiers_algeria	Algeria	Algiers	36.762	3.026	36.744	3.058
giza_egypt	Egypt	Giza	30.043	31.169	29.946	31.283
lusaka_zambia	Zambia	Lusaka	-15.249	28.113	-15.569	28.479
khartoum_republic-of-sudan	Republic Of Sudan	Khartoum	15.854	32.281	15.380	32.783
casablanca_morocco	Morocco	Casablanca	33.652	-7.737	33.487	-7.456
cape-town_south-africa	South Africa	Cape Town	-33.471	18.302	-34.363	19.004
addis-abeba_ethiopia	Ethiopia	Addis Abeba	9.077	38.651	8.919	38.920
johannesburg_south-africa	South Africa	Johannesburg	-25.834	27.537	-26.563	28.542
bujumbura_burundi	Burundi	Bujumbura	-3.297	29.301	-3.453	29.409
abuja_nigeria	Nigeria	Abuja	9.246	7.248	8.835	7.717
yamoussoukro_ivory-coast	Ivory Coast	Yamoussoukro	7.097	-5.529	6.599	-5.003
bejaia_algeria	Algeria	Bejaia	36.890	4.910	36.600	5.220
ekurhuleni_south-africa	South Africa	Ekurhuleni	-25.903	28.066	-26.466	28.527
cotonou_benin	Benin	Cotonou	6.408	2.339	6.332	2.511
belgrade_serbia	Serbia	Belgrade	44.908	20.191	44.637	20.706
sofia_bulgaria	Bulgaria	Sofia	43.040	22.870	42.380	23.830
lodz_poland	Poland	Lodz	51.869	19.252	51.676	19.708
constanta_romania	Romania	Constanta	44.385	28.150	43.757	28.750
wroclaw_poland	Poland	Wroclaw	51.311	16.652	50.877	17.363
ljubljana_slovenia	Slovenia	Ljubljana	46.147	14.400	45.973	14.760
iasi_romania	Romania	Iasi	47.235	27.375	47.023	27.750
donetsk_ukraine	Ukraine	Donetsk	48.093	37.518	47.886	37.997
zagreb_croatia	Croatia	Zagreb	45.848	15.810	45.740	16.151
bratislava_slovakia	Slovakia	Bratislava	48.295	16.955	48.061	17.494
poznan_poland	Poland	Poznan	52.509	16.732	52.292	17.072
novisad_serbia	Serbia	Novisad	45.472	19.651	45.180	19.968
klaipeda_lithuania	Lithuania	Klaipeda	55.797	21.075	55.613	21.241
vilnius_lithuania	Lithuania	Vilnius	54.796	25.004	54.569	25.480
brasov_romania	Romania	Brasov	45.746	25.380	45.300	25.800
wielun_poland	Poland	Wielun	51.249	18.532	51.201	18.606
lviv_ukraine	Ukraine	Lviv	50.148	23.587	49.573	24.433
dnipropetrovsk_ukraine	Ukraine	Dnipropetrovsk	48.595	34.747	48.335	35.274
kirovograd_ukraine	Ukraine	Kirovograd	48.760	31.923	48.281	32.623
kharkiv_ukraine	Ukraine	Kharkiv	50.105	36.106	49.878	36.455
budapest_hungary	Hungary	Budapest	47.861	18.347	47.025	19.780
timisoara_romania	Romania	Timisoara	45.842	21.085	45.673	21.385
cluj_romania	Romania	Cluj	46.830	23.454	46.680	23.755
kyiv_ukraine	Ukraine	Kyiv	50.740	30.078	50.086	30.970
vinnytsia_ukraine	Ukraine	Vinnytsia	49.281	28.367	49.189	28.574
debrecen_hungary	Hungary	Debrecen	47.652	21.426	47.409	21.862
chisinau_moldova	Moldova	Chisinau	47.079	28.745	46.920	28.972
krakow_poland	Poland	Krakow	50.240	19.594	49.850	20.275
odessa_ukraine	Ukraine	Odessa	46.731	30.154	46.227	30.935
istanbul_turkey	Turkey	Istanbul	41.421	28.313	40.738	29.678
minsk_belarus	Belarus	Minsk	53.972	27.375	53.796	28.064
sarajevo_bosnia	Bosnia	Sarajevo	43.987	18.115	43.702	18.631
vienna_austria	Austria	Vienna	48.386	16.137	48.048	16.714
salzburg_austria	Austria	Salzburg	47.855	12.985	47.751	13.128
riga_latvia	Latvia	Riga	57.300	23.469	56.579	24.789
krasnokutsk_ukraine	Ukraine	Krasnokutsk	50.085	35.097	50.027	35.198
gdansk_poland	Poland	Gdansk	54.870	18.174	54.007	19.113
prague_czech-republic	Czech Republic	Prague	50.408	13.842	49.763	15.012
tallinn_estonia	Estonia	Tallinn	59.492	24.542	59.322	24.951
warsaw_poland	Poland	Warsaw	52.623	20.341	51.845	21.692
nis_serbia	Serbia	Nis	43.359	21.820	43.287	21.974
sibiu_romania	Romania	Sibiu	45.840	24.000	45.690	24.280
bucharest_romania	Romania	Bucharest	44.729	25.542	44.141	26.756
wuppertal_germany	Germany	Wuppertal	51.318	7.014	51.166	7.313
oradea_romania	Romania	Oradea	47.145	21.839	47.008	22.038
brno_czech-republic	Czech Republic	Brno	49.357	16.268	48.951	16.940
katowice_poland	Poland	Katowice	50.706	18.115	50.055	19.604
trondheim_norway	Norway	Trondheim	63.631	9.869	62.995	11.767
bodo_norway	Norway	Bodo	67.356	14.232	67.247	14.672
lund_sweden	Sweden	Lund	55.740	13.140	55.678	13.263
malmo_sweden	Sweden	Malmo	55.680	12.715	55.485	13.167
oslo_norway	Norway	Oslo	60.424	9.691	58.938	11.493
helsinki_finland	Finland	Helsinki	60.680	24.340	60.052	25.381
stockholm_sweden	Sweden	Stockholm	60.249	16.858	58.718	19.526
aarhus_denmark	Denmark	Aarhus	56.252	10.068	56.080	10.356
reykjavik_iceland	Iceland	Reykjavik	64.297	-22.826	63.771	-21.140
tampere_finland	Finland	Tampere	62.188	22.417	61.047	24.988
bergen_norway	Norway	Bergen	60.531	5.075	60.241	5.559
gothenburg_sweden	Sweden	Gothenburg	57.803	11.552	57.532	12.310
granada_spain	Spain	Granada	37.241	-3.703	37.108	-3.506
pisa_italy	Italy	Pisa	43.737	10.356	43.670	10.444
acoruna_spain	Spain	Acoruna	43.600	-8.600	43.200	-8.000
milan_italy	Italy	Milan	45.694	8.860	45.246	9.470
avila_spain	Spain	Avila	40.681	-4.745	40.627	-4.640
faro_portugal	Portugal	Faro	37.054	-8.010	36.988	-7.900
bilbao_spain	Spain	Bilbao	43.500	-3.363	43.043	-2.555
cantabria_spain	Spain	Cantabria	43.523	-4.859	42.753	-3.134
burgos_spain	Spain	Burgos	42.391	-3.802	42.316	-3.598
barcelona_spain	Spain	Barcelona	41.533	1.898	41.246	2.312
thessaloniki_greece	Greece	Thessaloniki	40.656	22.902	40.587	22.991
vigo_spain	Spain	Vigo	42.307	-8.827	42.169	-8.609
brescia_italy	Italy	Brescia	45.798	10.147	45.236	10.300
oristano_italy	Italy	Oristano	40.428	8.363	39.622	9.186
athens_greece	Greece	Athens	38.365	22.949	37.514	24.421
evora_portugal	Portugal	Evora	38.606	-7.957	38.518	-7.873
pistoia_italy	Italy	Pistoia	44.102	10.805	43.871	11.017
santiago-de-compostela_spain	Spain	Santiago De Compostela	42.935	-8.614	42.829	-8.473
porto_portugal	Portugal	Porto	41.399	-8.795	40.981	-8.358
perpignan_france	France	Perpignan	42.749	2.826	42.649	2.983
matera_italy	Italy	Matera	40.766	16.412	40.567	16.731
tirana_albania	Albania	Tirana	41.364	19.755	41.290	19.885
gijon_spain	Spain	Gijon	43.800	-6.481	43.054	-4.987
asti_italy	Italy	Asti	44.996	8.087	44.841	8.318
cagliari_italy	Italy	Cagliari	39.321	8.908	39.130	9.421
san-sebastian_spain	Spain	San Sebastian	43.338	-2.087	43.218	-1.888
coimbra_portugal	Portugal	Coimbra	40.263	-8.488	40.155	-8.363
venice_italy	Italy	Venice	45.811	11.629	45.123	12.735
florence_italy	Italy	Florence	43.983	10.982	43.601	11.504
seville_spain	Spain	Seville	37.460	-6.050	37.320	-5.869
madrid_spain	Spain	Madrid	41.030	-4.293	39.800	-3.057
lisbon_portugal	Portugal	Lisbon	39.150	-9.634	38.358	-8.458
santander_spain	Spain	Santander	43.500	-3.886	43.383	-3.737
valencia_spain	Spain	Valencia	39.504	-0.436	39.420	-0.285
murcia_spain	Spain	Murcia	38.021	-1.208	37.959	-1.073
palermo_italy	Italy	Palermo	38.295	12.912	37.771	13.845
lucca_italy	Italy	Lucca	43.961	10.361	43.757	10.575
trento_italy	Italy	Trento	46.155	11.022	45.977	11.196
cadiz_spain	Spain	Cadiz	36.800	-6.400	36.350	-6.000
rome_italy	Italy	Rome	42.130	12.109	41.578	12.845
bologna_italy	Italy	Bologna	44.668	10.998	44.337	11.817
naples_italy	Italy	Naples	40.916	14.139	40.792	14.354
donostia-san-sebastian_spain	Spain	Donostia San Sebastian	43.352	-2.062	43.275	-1.888
genoa_italy	Italy	Genoa	44.561	8.444	44.291	9.114
chandigarh_india	India	Chandigarh	30.808	76.612	30.613	76.905
dhaka_bangladesh	Bangladesh	Dhaka	24.006	89.998	23.435	90.838
hualien_taiwan	Taiwan	Hualien	24.190	121.425	23.805	121.737
guangzhou_china	China	Guangzhou	23.981	112.181	22.533	114.972
kota-kinabalu_malaysia	Malaysia	Kota Kinabalu	6.066	115.979	5.878	116.175
davao-city_philippines	Philippines	Davao City	7.392	125.330	6.840	125.804
yokohama_japan	Japan	Yokohama	35.686	139.312	35.213	139.920
kobe_japan	Japan	Kobe	35.001	134.821	34.576	135.425
nanjing_china	China	Nanjing	32.611	118.357	31.230	119.237
shenyang_china	China	Shenyang	41.924	123.241	41.685	123.604
shijiazhuang_china	China	Shijiazhuang	38.010	114.446	37.993	114.463
manado_indonesia	Indonesia	Manado	1.546	124.816	1.426	124.886
hsinchu_taiwan	Taiwan	Hsinchu	24.862	120.889	24.750	121.050
karachi_pakistan	Pakistan	Karachi	25.593	66.401	23.958	68.576
luoyang_china	China	Luoyang	34.761	112.282	34.539	112.611
ulyanovsk_russia	Russia	Ulyanovsk	54.679	47.521	53.780	49.886
dushanbe_tajikistan	Tajikistan	Dushanbe	38.829	68.244	38.244	69.134
tyumen_russia	Russia	Tyumen	57.280	65.308	56.995	65.816
ho-chi-minh-city_vietnam	Vietnam	Ho Chi Minh City	11.021	106.458	10.611	106.949
vijayawada_india	India	Vijayawada	16.642	80.321	16.173	80.831
triuchirappalli_india	India	Triuchirappalli	10.999	78.338	10.611	79.036
harbin_china	China	Harbin	46.050	125.688	44.062	130.240
chiang-mai_thailand	Thailand	Chiang Mai	19.060	98.600	18.364	99.358
beijing_china	China	Beijing	40.426	115.686	39.414	117.119
cagayan-de-oro_philippines	Philippines	Cagayan De Oro	8.629	124.497	8.399	124.840
samara-tolyatti_russia	Russia	Samara Tolyatti	54.037	48.500	52.400	51.918
penang_malaysia	Malaysia	Penang	5.515	100.017	5.198	100.534
almaty_kazakhstan	Kazakhstan	Almaty	43.549	76.575	43.057	77.223
shangrao_china	China	Shangrao	28.553	117.820	28.347	118.082
pune_india	India	Pune	18.771	73.603	18.337	74.072
pokhara_nepal	Nepal	Pokhara	28.466	83.749	28.077	84.143
ahmedabad_india	India	Ahmedabad	23.201	72.364	22.855	72.787
perm_russia	Russia	Perm	58.182	55.795	57.865	56.675
hiroshima_japan	Japan	Hiroshima	34.548	132.289	34.233	132.611
tokyo_japan	Japan	Tokyo	36.558	138.779	34.867	141.152
chengdu_china	China	Chengdu	30.987	103.564	30.363	104.555
sihanoukville_cambodia	Cambodia	Sihanoukville	10.670	103.451	10.584	103.556
osaka_japan	Japan	Osaka	34.800	135.370	34.514	135.669
saint-petersburg_russia	Russia	Saint Petersburg	60.345	29.168	59.556	31.173
agra_india	India	Agra	27.259	77.886	27.106	78.151
bangkok_thailand	Thailand	Bangkok	15.019	99.569	12.661	101.337
dharamshala_india	India	Dharamshala	32.300	76.123	31.970	76.701
nizhniy-novgorod_russia	Russia	Nizhniy Novgorod	56.400	43.718	56.193	44.135
koh-rong_cambodia	Cambodia	Koh Rong	10.796	103.161	10.495	103.396
hue_vietnam	Vietnam	Hue	16.592	107.456	16.366	107.743
krasnodar_russia	Russia	Krasnodar	45.203	38.847	44.968	39.226
taipei_taiwan	Taiwan	Taipei	25.209	121.346	24.926	121.676
jaipur_india	India	Jaipur	27.043	75.669	26.756	75.921
coimbatore_india	India	Coimbatore	11.160	76.800	10.910	77.045
okinawa_japan	Japan	Okinawa	27.115	126.590	26.012	128.576
kochi_india	India	Kochi	10.091	76.170	9.785	76.389
hanoi_vietnam	Vietnam	Hanoi	21.098	105.742	20.945	105.911
mysore_india	India	Mysore	12.387	76.547	12.250	76.712
nha-trang_vietnam	Vietnam	Nha Trang	12.290	109.144	12.193	109.218
busan_south-korea	South Korea	Busan	35.474	128.247	34.956	129.448
bengaluru_india	India	Bengaluru	13.230	77.350	12.750	77.850
samarkand_uzbekistan	Uzbekistan	Samarkand	40.067	66.339	39.230	67.844
nara_japan	Japan	Nara	34.831	135.640	34.488	136.110
hangzhou_china	China	Hangzhou	30.296	120.100	30.230	120.185
indore_india	India	Indore	22.807	75.761	22.617	75.969
chelyabinsk_russia	Russia	Chelyabinsk	55.438	60.714	54.886	62.070
new-delhi_india	India	New Delhi	28.969	76.692	28.183	77.733
nadym_russia	Russia	Nadym	65.567	72.431	65.514	72.634
kenting_taiwan	Taiwan	Kenting	21.968	120.761	21.923	120.838
lahore_pakistan	Pakistan	Lahore	32.201	73.381	30.796	75.425
phuket_thailand	Thailand	Phuket	8.207	98.254	7.727	98.489
kathmandu_nepal	Nepal	Kathmandu	27.938	85.019	27.437	85.678
batticaloa_sri-lanka	Sri Lanka	Batticaloa	7.994	81.344	7.226	81.981
tainan_taiwan	Taiwan	Tainan	23.201	119.998	22.829	120.421
kolkata_india	India	Kolkata	23.106	87.751	22.117	89.119
hong-kong_china	China	Hong Kong	23.488	112.780	21.591	115.125
shanghai_china	China	Shanghai	32.472	118.887	29.477	123.787
dongguan_china	China	Dongguan	23.175	113.554	22.921	113.958
nazareth_israel	Israel	Nazareth	32.895	35.077	32.502	35.497
phi-phi_thailand	Thailand	Phi Phi	7.794	98.739	7.663	98.813
north-kyushu_japan	Japan	North Kyushu	33.909	129.272	32.612	132.054
taichung_taiwan	Taiwan	Taichung	24.365	120.479	24.041	120.858
moscow_russia	Russia	Moscow	56.200	36.800	55.123	38.430
otres-beach_cambodia	Cambodia	Otres Beach	10.583	103.538	10.539	103.567
siem-reap_cambodia	Cambodia	Siem Reap	13.735	103.543	12.932	104.479
chongqing_china	China	Chongqing	32.217	105.283	28.167	110.183
kaohsiung_taiwan	Taiwan	Kaohsiung	22.823	120.026	22.470	120.646
galle_sri-lanka	Sri Lanka	Galle	6.094	80.162	6.003	80.264
ulaanbaatar_mongolia	Mongolia	Ulaanbaatar	48.285	106.344	47.696	107.430
chiayi_taiwan	Taiwan	Chiayi	23.519	120.374	23.449	120.502
phu-quoc_vietnam	Vietnam	Phu Quoc	10.491	103.741	9.772	104.180
wuhan_china	China	Wuhan	30.903	113.745	30.079	114.798
manila_philippines	Philippines	Manila	14.900	120.885	14.327	121.200
astana_kazakhstan	Kazakhstan	Astana	51.290	71.212	51.003	71.740
hyderabad_india	India	Hyderabad	17.630	78.216	17.191	78.727
nanchang_china	China	Nanchang	28.975	115.598	28.382	116.246
ankara_turkey	Turkey	Ankara	40.372	32.105	39.439	33.509
ningbo_china	China	Ningbo	30.369	120.917	29.036	122.257
jeju_south-korea	South Korea	Jeju	33.578	126.127	33.107	126.987
kep_cambodia	Cambodia	Kep	10.509	104.266	10.460	104.334
sochi_russia	Russia	Sochi	43.713	39.548	43.314	40.178
bishkek_kyrgyzstan	Kyrgyzstan	Bishkek	42.986	74.425	42.689	74.762
surat_india	India	Surat	21.307	72.695	21.075	73.010
phnom-penh_cambodia	Cambodia	Phnom Penh	11.737	104.712	11.422	105.056
tianjin_china	China	Tianjin	39.779	116.528	38.378	118.531
bharatpur_nepal	Nepal	Bharatpur	27.720	84.388	27.640	84.468
cebu_philippines	Philippines	Cebu	11.373	123.268	9.388	124.206
kuala-lumpur_malaysia	Malaysia	Kuala Lumpur	3.407	101.425	2.776	101.994
koh-samui_thailand	Thailand	Koh Samui	9.604	99.904	9.403	100.103
rangoon_myanmar	Myanmar	Rangoon	17.729	95.257	16.233	97.337
sapporo_japan	Japan	Sapporo	43.302	140.488	42.651	141.921
seoul_south-korea	South Korea	Seoul	37.980	126.064	37.019	127.525
Hoi-an_vietnam	Vietnam	Hoi An	15.921	108.277	15.856	108.407
matara_sri-lanka	Sri Lanka	Matara	5.983	80.497	5.924	80.576
osaka-kyoto_japan	Japan	Osaka Kyoto	35.194	135.057	34.355	136.015
kyoto_japan	Japan	Kyoto	35.203	135.599	34.887	135.879
taoyuan_taiwan	Taiwan	Taoyuan	25.126	121.078	24.832	121.412
da-nang_vietnam	Vietnam	Da Nang	16.186	108.057	15.948	108.413
keelung_taiwan	Taiwan	Keelung	25.219	121.664	25.066	121.832
pyongyang_north-korea	North Korea	Pyongyang	39.254	125.412	38.855	126.142
pattaya_thailand	Thailand	Pattaya	13.027	100.831	12.782	100.991
colombo_sri-lanka	Sri Lanka	Colombo	7.236	79.756	6.737	80.385
nagoya_japan	Japan	Nagoya	35.472	136.506	34.825	137.275
mandalay_myanmar	Myanmar	Mandalay	22.034	96.048	21.871	96.150
islamabad_pakistan	Pakistan	Islamabad	34.347	72.286	33.092	73.822
pondicherry_india	India	Pondicherry	11.970	79.788	11.898	79.845
vientiane_laos	Laos	Vientiane	18.066	102.489	17.870	102.706
kampot_cambodia	Cambodia	Kampot	10.634	104.157	10.593	104.201
chennai_india	India	Chennai	13.300	79.900	12.700	80.400
mumbai_india	India	Mumbai	19.500	72.415	18.466	73.516
krasnojarsk_russia	Russia	Krasnojarsk	56.442	92.143	55.786	94.299
shenzhen_china	China	Shenzhen	22.808	113.755	22.422	114.681
fukuoka_japan	Japan	Fukuoka	33.764	130.056	33.475	130.644
sendai_japan	Japan	Sendai	38.527	140.416	38.033	141.156
dessau-rosslau_germany	Germany	Dessau Rosslau	51.883	12.128	51.782	12.364
flensburg_germany	Germany	Flensburg	54.841	9.261	54.697	9.578
kassel_germany	Germany	Kassel	51.369	9.349	51.260	9.570
leicester_england	England	Leicester	52.692	-1.216	52.581	-1.046
coburg_germany	Germany	Coburg	50.299	10.886	50.221	11.063
cambridge_england	England	Cambridge	52.243	0.059	52.175	0.168
birmingham_england	England	Birmingham	52.794	-2.536	52.214	-1.267
nancy_france	France	Nancy	48.753	6.097	48.633	6.310
munich_germany	Germany	Munich	48.248	11.359	48.061	11.723
passau_germany	Germany	Passau	48.613	13.301	48.540	13.514
montbrison_france	France	Montbrison	45.627	4.042	45.591	4.088
jena_germany	Germany	Jena	50.988	11.499	50.856	11.673
zwickau_germany	Germany	Zwickau	50.813	12.408	50.641	12.567
rennes_france	France	Rennes	48.301	-1.973	47.920	-1.469
edinburgh_scotland	Scotland	Edinburgh	56.132	-3.585	55.783	-2.835
utrecht_netherlands	Netherlands	Utrecht	52.184	4.933	52.001	5.303
slough_england	England	Slough	51.544	-0.674	51.481	-0.514
nantes_france	France	Nantes	47.407	-1.866	47.035	-1.191
gelnhausen_germany	Germany	Gelnhausen	50.249	9.112	50.162	9.272
saint-jean-bonnefonds_france	France	Saint Jean Bonnefonds	45.484	4.410	45.430	4.504
montpellier_france	France	Montpellier	43.910	3.381	43.241	4.488
monaco_france	France	Monaco	43.770	7.349	43.710	7.491
bordeaux_france	France	Bordeaux	45.065	-0.900	44.569	-0.162
stuttgart_germany	Germany	Stuttgart	48.866	9.037	48.691	9.316
colchester_england	England	Colchester	52.031	0.609	51.743	1.188
gruissan_france	France	Gruissan	43.149	3.023	43.050	3.152
amsterdam_netherlands	Netherlands	Amsterdam	52.629	4.465	52.163	5.347
grenoble_france	France	Grenoble	45.244	5.573	45.113	5.903
dortmund_germany	Germany	Dortmund	51.627	7.294	51.378	7.646
bonn_germany	Germany	Bonn	50.833	6.904	50.654	7.331
derry_ireland	Ireland	Derry	55.043	-7.361	54.975	-7.271
ulm_germany	Germany	Ulm	48.468	9.841	48.306	10.043
winterthur_switzerland	Switzerland	Winterthur	47.535	8.672	47.475	8.797
berlin_germany	Germany	Berlin	52.994	12.260	51.849	14.699
essen_germany	Germany	Essen	51.534	6.894	51.347	7.138
maastricht_netherlands	Netherlands	Maastricht	50.914	5.631	50.789	5.773
geneva_switzerland	Switzerland	Geneva	46.294	5.953	46.130	6.317
wurzburg_germany	Germany	Würzburg	49.845	9.870	49.709	10.015
metz_france	France	Metz	49.159	6.056	49.053	6.349
strasbourg_france	France	Strasbourg	48.722	7.449	48.371	8.078
rotterdam_netherlands	Netherlands	Rotterdam	52.109	3.911	51.737	4.784
lyon_france	France	Lyon	46.191	4.136	45.305	5.517
bremen_germany	Germany	Bremen	53.632	8.380	52.893	9.259
angers_france	France	Angers	47.650	-0.805	47.319	-0.347
leeds_england	England	Leeds	53.921	-1.717	53.697	-1.330
freiburg_germany	Germany	Freiburg	48.071	7.661	47.902	7.931
nice_france	France	Nice	43.756	7.182	43.636	7.311
limerick_ireland	Ireland	Limerick	52.694	-8.680	52.613	-8.517
konstanz_germany	Germany	Konstanz	47.762	9.084	47.653	9.218
cologne_germany	Germany	Cologne	51.009	6.844	50.876	7.105
turin_italy	Italy	Turin	45.174	7.504	44.943	7.887
grand-avignon_france	France	Grand Avignon	44.100	4.596	43.792	5.091
lausanne_switzerland	Switzerland	Lausanne	46.587	6.479	46.478	6.758
frome_england	England	Frome	51.250	-2.359	51.214	-2.289
bamberg_germany	Germany	Bamberg	49.928	10.826	49.842	10.961
tours_france	France	Tours	47.476	0.452	47.308	0.784
waterford_ireland	Ireland	Waterford	52.280	-7.187	52.210	-7.033
gera_germany	Germany	Gera	50.977	11.998	50.799	12.170
manchester_england	England	Manchester	53.672	-2.588	53.237	-1.877
antwerp_belgium	Belgium	Antwerp	51.385	4.192	51.124	4.520
reading_england	England	Reading	51.505	-1.086	51.404	-0.901
beauvais_france	France	Beauvais	49.470	2.014	49.399	2.173
fulda_germany	Germany	Fulda	50.629	9.565	50.499	9.732
bochum_germany	Germany	Bochum	51.506	7.168	51.448	7.276
poitiers_france	France	Poitiers	46.691	0.210	46.522	0.504
basel_switzerland	Switzerland	Basel	47.672	7.462	47.436	7.866
karlsruhe_germany	Germany	Karlsruhe	49.246	7.893	48.730	8.816
saint-etienne_france	France	Saint Etienne	45.462	4.329	45.407	4.463
the-hague_netherlands	Netherlands	The Hague	52.136	4.183	52.006	4.427
dresden_germany	Germany	Dresden	51.180	13.586	50.978	13.972
chemnitz_germany	Germany	Chemnitz	50.904	12.732	50.743	13.053
newcastle_england	England	Newcastle	55.163	-2.027	54.744	-1.261
duisburg_germany	Germany	Duisburg	51.560	6.626	51.333	6.830
avignon_france	France	Avignon	43.996	4.738	43.886	4.927
cork_ireland	Ireland	Cork	51.935	-8.547	51.828	-8.385
annecy_france	France	Annecy	46.026	5.998	45.765	6.298
verona_italy	Italy	Verona	45.502	10.864	45.356	11.112
toulouse_france	France	Toulouse	43.838	1.062	43.327	1.779
augsburg_germany	Germany	Augsburg	48.458	10.763	48.257	10.960
heilbronn_germany	Germany	Heilbronn	49.210	9.043	49.092	9.302
plauen_germany	Germany	Plauen	50.574	12.059	50.430	12.226
marburg_germany	Germany	Marburg	50.884	8.599	50.732	8.863
regensburg_germany	Germany	Regensburg	49.076	12.028	48.966	12.192
copenhagen_denmark	Denmark	Copenhagen	55.950	11.894	55.491	13.147
galway_ireland	Ireland	Galway	53.306	-9.138	53.252	-8.934
munster_germany	Germany	Münster	52.060	7.473	51.840	7.774
brighton_england	England	Brighton	50.883	-0.251	50.775	-0.047
cuneo_italy	Italy	Cuneo	44.530	7.398	44.308	7.718
erfurt_germany	Germany	Erfurt	51.080	10.854	50.890	11.174
glasgow_scotland	Scotland	Glasgow	56.034	-4.613	55.668	-3.935
derby_england	England	Derby	52.968	-1.557	52.861	-1.383
bern_switzerland	Switzerland	Bern	47.023	7.330	46.885	7.561
hof_germany	Germany	Hof	50.355	11.806	50.267	11.972
dijon_france	France	Dijon	47.364	4.974	47.256	5.114
odense_denmark	Denmark	Odense	55.691	9.753	54.931	10.875
giessen_germany	Germany	Giessen	50.635	8.555	50.526	8.764
southampton_england	England	Southampton	50.956	-1.479	50.877	-1.322
leipzig_germany	Germany	Leipzig	51.459	12.179	51.227	12.600
ingolstadt_germany	Germany	Ingolstadt	48.822	11.254	48.683	11.504
rouen_france	France	Rouen	49.494	1.025	49.365	1.258
cheshire_england	England	Cheshire	53.396	-3.204	52.925	-1.912
la-rochelle_france	France	La Rochelle	46.206	-1.282	46.122	-1.067
paris_france	France	Paris	49.178	1.851	48.531	2.911
hanover_germany	Germany	Hanover	52.454	9.604	52.305	9.919
zurich_switzerland	Switzerland	Zurich	47.533	8.275	47.225	8.800
brussels_belgium	Belgium	Brussels	51.053	3.981	50.645	4.761
clermont-ferrand_france	France	Clermont Ferrand	45.820	3.021	45.720	3.220
deggendorf_germany	Germany	Deggendorf	48.908	12.873	48.786	13.074
lille_france	France	Lille	50.800	2.823	50.469	3.389
liverpool_england	England	Liverpool	53.514	-3.201	53.283	-2.740
duesseldorf_germany	Germany	Duesseldorf	51.361	6.622	51.116	7.009
marseille_france	France	Marseille	43.554	4.905	43.038	5.776
wiesbaden_germany	Germany	Wiesbaden	50.152	8.110	49.993	8.386
belfast_ireland	Ireland	Belfast	54.663	-6.046	54.532	-5.816
nuremberg_germany	Germany	Nuremberg	49.541	10.987	49.330	11.283
bruges_belgium	Belgium	Bruges	51.374	3.107	51.148	3.337
frankfurt_germany	Germany	Frankfurt	50.227	8.471	50.014	8.800
nottingham_england	England	Nottingham	53.024	-1.300	52.877	-1.070
bielefeld_germany	Germany	Bielefeld	52.114	8.377	51.915	8.663
darmstadt_germany	Germany	Darmstadt	49.954	8.559	49.795	8.750
hamburg_germany	Germany	Hamburg	53.833	9.376	53.159	10.678
sheffield_england	England	Sheffield	53.503	-1.801	53.305	-1.325
oxford_england	England	Oxford	51.828	-1.403	51.698	-1.143
cardiff-newport-bristol-bath_england	England	Cardiff Newport Bristol Bath	51.730	-3.618	51.236	-2.189
mainz_germany	Germany	Mainz	50.035	8.110	49.895	8.343
london_england	England	London	51.984	-1.115	50.941	0.895
dublin_ireland	Ireland	Dublin	53.512	-6.569	53.178	-6.023
papeete_french-polynesia	French Polynesia	Papeete	-17.485	-149.635	-17.888	-149.114
perth_australia	Australia	Perth	-31.705	115.439	-32.499	116.208
auckland_new-zealand	New Zealand	Auckland	-36.410	174.223	-37.348	175.314
wellington_new-zealand	New Zealand	Wellington	-40.659	174.612	-41.614	176.333
adelaide_australia	Australia	Adelaide	-34.570	138.417	-35.261	138.854
bogor_indonesia	Indonesia	Bogor	-6.456	106.705	-6.683	106.886
sydney_australia	Australia	Sydney	-33.637	150.628	-34.189	151.647
gold-coast_australia	Australia	Gold Coast	-27.722	153.130	-28.200	153.583
brisbane_australia	Australia	Brisbane	-27.000	152.700	-27.723	153.349
melbourne_australia	Australia	Melbourne	-37.365	144.266	-38.552	145.810
townsville_australia	Australia	Townsville	-19.229	146.696	-19.344	146.851
darwin_australia	Australia	Darwin	-12.317	130.804	-12.520	131.019
bandung_indonesia	Indonesia	Bandung	-6.773	107.474	-7.007	107.745
canberra_australia	Australia	Canberra	-34.906	148.564	-35.568	149.721
cairns_australia	Australia	Cairns	-16.732	145.606	-17.131	145.838
bali_indonesia	Indonesia	Bali	-6.995	113.055	-9.517	117.188
jakarta_indonesia	Indonesia	Jakarta	-5.881	106.435	-6.615	107.160
christchurch_new-zealand	New Zealand	Christchurch	-43.285	172.064	-43.680	172.846
sunshine-coast_australia	Australia	Sunshine Coast	-26.350	152.835	-27.001	153.155
kabul_afghanistan	Afghanistan	Kabul	34.950	68.480	34.081	69.860
kirkuk_iraq	Iraq	Kirkuk	35.524	44.284	35.379	44.495
baku_azerbaijan	Azerbaijan	Baku	40.487	49.654	40.304	50.056
adana_turkey	Turkey	Adana	37.070	35.210	36.950	35.460
gaza_palestine	Palestine	Gaza	31.667	34.253	31.356	34.667
jalawla_iraq	Iraq	Jalawla	34.295	45.145	34.245	45.186
bursa_turkey	Turkey	Bursa	40.310	28.800	40.160	29.230
tehran_iran	Iran	Tehran	35.917	50.870	35.383	51.648
mecca_saudi-arabia	Saudi Arabia	Mecca	21.590	39.688	21.279	40.005
baghdad_iraq	Iraq	Baghdad	33.715	43.786	32.967	44.862
damascus_syria	Syria	Damascus	33.805	35.841	33.112	36.730
tikrit_iraq	Iraq	Tikrit	34.688	43.628	34.567	43.706
beer-sheba_israel	Israel	Beer Sheba	31.299	34.738	31.184	34.870
jeddah_saudi-arabia	Saudi Arabia	Jeddah	21.905	39.029	21.005	39.393
kayseri_turkey	Turkey	Kayseri	38.830	35.340	38.600	35.670
riyadh_saudi-arabia	Saudi Arabia	Riyadh	25.098	46.227	24.292	47.202
dubai_abu-dhabi	Abu Dhabi	Dubai	26.539	53.580	23.735	56.887
tel-aviv_israel	Israel	Tel Aviv	32.246	34.642	31.929	35.052
ramadi_iraq	Iraq	Ramadi	33.440	43.242	33.398	43.337
manama_bahrain	Bahrain	Manama	26.292	50.386	25.542	50.828
beirut_lebanon	Lebanon	Beirut	33.924	35.463	33.792	35.583
doha_qatar	Qatar	Doha	25.637	51.240	24.951	51.801
amman_jordan	Jordan	Amman	32.171	35.715	31.668	36.250
mashhad_iran	Iran	Mashhad	36.398	59.451	36.213	59.692
tashkent_uzbekistan	Uzbekistan	Tashkent	41.399	69.097	41.143	69.412
thuwal_saudi-arabia	Saudi Arabia	Thuwal	22.500	39.050	22.230	39.200
haditha_iraq	Iraq	Haditha	34.157	42.347	34.075	42.400
mosul_iraq	Iraq	Mosul	36.523	42.844	36.168	43.508
nicosia_cyprus	Cyprus	Nicosia	35.215	33.228	35.065	33.490
izmir_turkey	Turkey	Izmir	38.545	26.855	38.290	27.304
jerusalem_israel	Israel	Jerusalem	31.866	35.072	31.712	35.341
as-suwayda_syria	Syria	As Suwayda	33.321	36.210	32.198	37.611
hit_iraq	Iraq	Hit	33.668	42.787	33.616	42.856
zhumar_iraq	Iraq	Zhumar	36.674	42.592	36.646	42.619
fallujah_iraq	Iraq	Fallujah	33.486	43.522	33.246	44.013
baji_iraq	Iraq	Baji	34.959	43.460	34.894	43.520
yerevan_armenia	Armenia	Yerevan	40.617	43.907	39.693	45.276
sanaa_yemen	Yemen	Sanaa	15.534	43.938	15.152	44.462
valparaiso_chile	Chile	Valparaiso	-32.894	-71.743	-33.178	-71.232
brasilia_brazil	Brazil	Brasilia	-15.360	-48.501	-16.317	-47.378
oruro_bolivia	Bolivia	Oruro	-17.869	-67.219	-18.049	-67.004
piura_peru	Peru	Piura	-5.125	-80.725	-5.266	-80.522
talca_chile	Chile	Talca	-35.334	-71.830	-35.572	-71.488
salvador_brazil	Brazil	Salvador	-12.492	-38.783	-13.280	-37.900
medellin_colombia	Colombia	Medellin	6.497	-75.887	6.010	-75.277
la-paz_bolivia	Bolivia	La Paz	-16.391	-68.335	-16.688	-67.993
rancagua_chile	Chile	Rancagua	-34.052	-70.870	-34.268	-70.494
recife_brazil	Brazil	Recife	-7.931	-35.008	-8.156	-33.865
potosi_bolivia	Bolivia	Potosi	-19.527	-65.832	-19.636	-65.683
bahia-blanca_argentina	Argentina	Bahia Blanca	-38.608	-62.652	-38.964	-61.845
guayaquil_ecuador	Ecuador	Guayaquil	-2.018	-80.030	-2.301	-79.768
cochabamba_bolivia	Bolivia	Cochabamba	-16.904	-66.750	-17.793	-65.674
cali_colombia	Colombia	Cali	3.608	-76.580	3.306	-76.453
temuco_chile	Chile	Temuco	-38.642	-72.829	-38.917	-72.309
cordoba_argentina	Argentina	Cordoba	-31.256	-64.373	-31.534	-63.995
cusco_peru	Peru	Cusco	-13.473	-71.855	-13.582	-70.047
mendoza_argentina	Argentina	Mendoza	-32.575	-70.005	-34.927	-67.198
rio-de-janeiro_brazil	Brazil	Rio De Janeiro	-22.378	-43.860	-23.216	-42.751
concepcion_chile	Chile	Concepcion	-36.583	-73.271	-37.019	-72.887
curitiba_brazil	Brazil	Curitiba	-25.071	-49.703	-25.799	-48.799
trinidad_bolivia	Bolivia	Trinidad	-14.768	-64.989	-14.887	-64.825
cumana_venezuela	Venezuela	Cumana	10.483	-64.221	10.407	-64.086
cobija_bolivia	Bolivia	Cobija	-10.982	-68.814	-11.067	-68.711
palmas_brazil	Brazil	Palmas	-10.087	-48.525	-10.464	-48.144
region-x_chile	Chile	Region X	-40.363	-74.663	-43.723	-71.301
porto-alegre_brazil	Brazil	Porto Alegre	-29.471	-52.159	-30.638	-50.371
campo-grande_brazil	Brazil	Campo Grande	-20.352	-54.902	-20.670	-54.445
asuncion_paraguay	Paraguay	Asuncion	-25.052	-57.777	-25.535	-57.268
florianopolis_brazil	Brazil	Florianopolis	-27.286	-48.738	-27.902	-48.293
santa-cruz_bolivia	Bolivia	Santa Cruz	-17.570	-63.430	-18.019	-62.889
maraciabo_venezuela	Venezuela	Maraciabo	10.746	-71.743	10.507	-71.586
lima_peru	Peru	Lima	-11.644	-77.294	-12.358	-76.701
santiago_chile	Chile	Santiago	-33.151	-71.043	-33.824	-70.353
valdivia_chile	Chile	Valdivia	-39.688	-73.501	-39.982	-73.072
quito_ecuador	Ecuador	Quito	0.109	-78.853	-0.550	-78.100
fortaleza_brazil	Brazil	Fortaleza	-3.688	-38.636	-3.889	-38.401
bogota_colombia	Colombia	Bogota	5.022	-74.421	4.291	-73.767
san-jose_costa-rica	Costa Rica	San Jose	10.007	-84.254	9.788	-83.908
blumenau_brazil	Brazil	Blumenau	-26.624	-49.190	-27.035	-48.995
teresina_brazil	Brazil	Teresina	-4.787	-42.970	-5.586	-42.599
belo-horizonte_brazil	Brazil	Belo Horizonte	-19.776	-44.063	-20.029	-43.865
caracas_venezuela	Venezuela	Caracas	10.645	-67.110	10.270	-66.663
montevideo_uruguay	Uruguay	Montevideo	-34.772	-56.321	-34.953	-56.026
sucre_bolivia	Bolivia	Sucre	-18.977	-65.342	-19.080	-65.189
manaus_brazil	Brazil	Manaus	-2.898	-60.161	-3.222	-59.800
martinique_french-caribbean	French Caribbean	Martinique	14.879	-61.229	14.389	-60.811
cartagena_colombia	Colombia	Cartagena	10.572	-75.627	10.251	-75.337
sao-paulo_brazil	Brazil	Sao Paulo	-23.125	-47.357	-24.317	-45.863
paramaribo_suriname	Suriname	Paramaribo	5.883	-55.218	5.868	-55.174
iquique_chile	Chile	Iquique	-20.186	-70.186	-20.300	-70.113
mariana_brazil	Brazil	Mariana	-20.351	-43.431	-20.403	-43.407
buenos-aires_argentina	Argentina	Buenos Aires	-34.219	-59.258	-35.139	-57.833
tarija_bolivia	Bolivia	Tarija	-21.454	-64.843	-21.632	-64.622
milwaukee_wisconsin	Wisconsin	Milwaukee	43.389	-88.511	42.656	-87.522
nassau_bahamas	Bahamas	Nassau	25.092	-77.556	24.974	-77.253
san-francisco_california	California	San Francisco	37.955	-122.737	37.449	-122.011
omaha_nebraska	Nebraska	Omaha	41.378	-96.275	41.079	-95.757
quebec_canada	Canada	Quebec	46.927	-71.447	46.723	-71.103
tampa_florida	Florida	Tampa	28.376	-82.935	27.279	-82.012
bronx_new-york	New York	Bronx	40.915	-73.933	40.786	-73.765
bernalillo-county_new-mexico	New Mexico	Bernalillo County	35.220	-107.196	34.869	-106.150
fort-wayne_indiana	Indiana	Fort Wayne	41.208	-85.335	40.950	-84.980
miami_florida	Florida	Miami	26.912	-80.683	25.291	-79.774
tuscaloosa_alabama	Alabama	Tuscaloosa	33.785	-88.027	32.829	-86.880
grand-rapids-holland-muskegon_michigan	Michigan	Grand Rapids Holland Muskegon	43.330	-86.410	42.610	-85.300
el-paso_texas	Texas	El Paso	32.003	-106.651	31.614	-106.202
humboldt_california	California	Humboldt	41.553	-124.744	39.988	-122.802
charleston_south-carolina	South Carolina	Charleston	32.976	-80.344	32.506	-79.675
phoenix_arizona	Arizona	Phoenix	34.070	-112.821	32.796	-111.211
san-juan_puerto-rico	Puerto Rico	San Juan	18.502	-66.301	18.186	-65.817
dallas_texas	Texas	Dallas	33.431	-97.789	32.166	-96.113
mississauga_canada	Canada	Mississauga	43.677	-79.827	43.478	-79.506
rimouski_canada	Canada	Rimouski	48.494	-68.612	48.415	-68.448
hamilton_canada	Canada	Hamilton	43.317	-80.029	43.155	-79.614
new-york_new-york	New York	New York	41.097	-74.501	40.345	-73.226
colorado-springs_colorado	Colorado	Colorado Springs	39.001	-104.906	38.711	-104.640
ottawa_canada	Canada	Ottawa	45.598	-76.361	44.927	-75.052
raleigh_north-carolina	North Carolina	Raleigh	36.051	-79.116	35.759	-78.577
south-bend_indiana	Indiana	South Bend	41.929	-86.545	41.461	-85.696
birmingham_alabama	Alabama	Birmingham	33.707	-87.136	33.307	-86.387
victoria_canada	Canada	Victoria	48.871	-124.063	48.054	-122.568
halifax_canada	Canada	Halifax	44.809	-63.744	44.574	-63.410
seattle_washington	Washington	Seattle	48.528	-123.931	46.608	-121.335
santa-barbara_california	California	Santa Barbara	34.764	-120.712	33.872	-119.080
spokane_washington	Washington	Spokane	47.841	-117.801	47.504	-117.107
kamloops_canada	Canada	Kamloops	50.870	-120.550	50.610	-120.030
los-angeles_california	California	Los Angeles	34.583	-119.437	33.298	-116.724
kansas-city-lawrence-topeka_kansas	Kansas	Kansas City Lawrence Topeka	39.419	-95.946	38.599	-94.048
saint-john_canada	Canada	Saint John	47.630	-52.788	47.498	-52.613
iqaluit_canada	Canada	Iqaluit	63.796	-68.652	63.703	-68.364
mexico-city_mexico	Mexico	Mexico City	19.921	-99.597	18.992	-98.606
saint-louis_missouri	Missouri	Saint Louis	39.151	-91.010	38.069	-89.533
edmonton_canada	Canada	Edmonton	54.213	-114.529	52.941	-112.430
charlottetown_canada	Canada	Charlottetown	46.300	-63.203	46.220	-63.065
syracuse_new-york	New York	Syracuse	43.219	-76.375	42.941	-75.946
philadelphia_pennsylvania	Pennsylvania	Philadelphia	40.308	-75.572	39.641	-74.641
dayton_ohio	Ohio	Dayton	40.000	-84.700	39.500	-83.700
san-diego-tijuana_mexico	Mexico	San Diego Tijuana	33.078	-117.376	32.312	-116.588
santa-fe_new-mexico	New Mexico	Santa Fe	35.755	-106.114	35.597	-105.863
vancouver_canada	Canada	Vancouver	49.320	-123.290	49.195	-123.020
eugene_oregon	Oregon	Eugene	44.142	-123.266	43.983	-122.946
portland_maine	Maine	Portland	43.737	-70.393	43.525	-70.134
mcallen_texas	Texas	Mcallen	26.819	-98.494	25.864	-97.218
barnstable_massachusetts	Massachusetts	Barnstable	41.739	-70.382	41.608	-70.216
albany_new-york	New York	Albany	42.722	-73.898	42.614	-73.725
chicago_illinois	Illinois	Chicago	42.297	-88.505	41.339	-87.066
calgary_canada	Canada	Calgary	51.353	-114.612	50.710	-113.478
whitehorse_canada	Canada	Whitehorse	60.798	-135.217	60.625	-134.918
honolulu_hawaii	Hawaii	Honolulu	21.781	-158.350	21.192	-157.592
hampton-roads_virginia	Virginia	Hampton Roads	37.208	-76.663	36.718	-75.918
salt-lake-city_utah	Utah	Salt Lake City	40.853	-112.102	40.700	-111.739
athens_georgia	Georgia	Athens	34.041	-83.538	33.847	-83.240
denver-boulder_colorado	Colorado	Denver Boulder	40.313	-105.746	39.323	-104.334
albuquerque_new-mexico	New Mexico	Albuquerque	35.218	-106.882	34.947	-106.471
saguenay_canada	Canada	Saguenay	48.474	-71.297	48.281	-70.838
dc-baltimore_maryland	Maryland	Dc Baltimore	39.631	-77.599	38.539	-76.058
san-antonio_texas	Texas	San Antonio	29.951	-98.951	29.109	-97.880
cleveland_ohio	Ohio	Cleveland	41.918	-82.485	40.730	-80.798
shawinigan_canada	Canada	Shawinigan	46.595	-72.810	46.500	-72.690
detroit_michigan	Michigan	Detroit	43.168	-84.158	41.723	-82.375
fredericton_canada	Canada	Fredericton	46.024	-66.787	45.891	-66.547
san-luis-obispo_california	California	San Luis Obispo	35.312	-120.723	35.233	-120.618
lincoln_nebraska	Nebraska	Lincoln	40.948	-96.867	40.660	-96.455
toronto_canada	Canada	Toronto	44.182	-80.161	43.201	-78.717
louisville_kentucky	Kentucky	Louisville	38.375	-85.951	37.997	-85.405
new-orleans_louisiana	Louisiana	New Orleans	30.510	-90.653	28.887	-89.110
cape-canaveral_florida	Florida	Cape Canaveral	28.509	-80.944	28.107	-80.213
windsor_canada	Canada	Windsor	42.348	-83.114	42.233	-82.890
lexington_kentucky	Kentucky	Lexington	38.255	-84.809	37.799	-84.232
little-rock_arkansas	Arkansas	Little Rock	34.822	-92.521	34.626	-92.155
lafayette_indiana	Indiana	Lafayette	40.520	-87.000	40.330	-86.750
guatemala-city_guatemala	Guatemala	Guatemala City	14.733	-90.715	14.400	-90.350
richmond_virginia	Virginia	Richmond	37.695	-77.718	37.373	-77.215
monterrey_mexico	Mexico	Monterrey	25.797	-100.422	25.500	-100.184
evansville_indiana	Indiana	Evansville	38.177	-87.747	37.759	-87.237
champaign_illinois	Illinois	Champaign	40.186	-88.403	39.944	-88.133
greensboro_north-carolina	North Carolina	Greensboro	36.218	-80.034	35.927	-79.595
haldimand_canada	Canada	Haldimand	43.127	-80.132	42.801	-79.468
winnipeg_canada	Canada	Winnipeg	50.034	-97.473	49.729	-96.885
brooklyn_new-york	New York	Brooklyn	40.739	-74.057	40.551	-73.833
hellertown_pennsylvania	Pennsylvania	Hellertown	40.598	-75.368	40.560	-75.318
santa-monica_california	California	Santa Monica	34.051	-118.551	33.967	-118.443
harrisburg_pennsylvania	Pennsylvania	Harrisburg	40.362	-77.070	40.179	-76.709
santa-ana_california	California	Santa Ana	33.784	-117.944	33.692	-117.831
duluth_minnesota	Minnesota	Duluth	47.095	-92.603	46.575	-91.234
harrisonburg_virginia	Virginia	Harrisonburg	38.498	-78.947	38.376	-78.812
sherbrooke_canada	Canada	Sherbrooke	45.465	-72.014	45.343	-71.792
leon_mexico	Mexico	Leon	21.193	-101.746	21.056	-101.598
indianapolis_indiana	Indiana	Indianapolis	40.134	-86.485	39.454	-85.746
saskatoon_canada	Canada	Saskatoon	52.204	-106.749	52.073	-106.549
la-habana_cuba	Cuba	La Habana	23.184	-82.462	23.032	-82.278
palm-beach-county_florida	Florida	Palm Beach County	26.971	-80.886	26.321	-79.974
madison_wisconsin	Wisconsin	Madison	43.343	-89.854	42.801	-88.992
minneapolis-saint-paul_minnesota	Minnesota	Minneapolis Saint Paul	45.415	-94.013	44.471	-92.543
exatepec-de-morelos_mexico	Mexico	Exatepec De Morelos	19.659	-99.101	19.484	-98.974
tijuana_mexico	Mexico	Tijuana	32.553	-117.125	32.442	-116.862
providence_rhode-island	Rhode Island	Providence	41.881	-71.510	41.769	-71.311
juneau_alaska	Alaska	Juneau	58.982	-135.200	57.809	-133.030
houston_texas	Texas	Houston	30.261	-96.064	28.856	-94.378
san-francisco-bay_california	California	San Francisco Bay	38.719	-123.640	36.791	-121.025
wichita_kansas	Kansas	Wichita	38.117	-97.872	37.231	-96.842
grassvalley_california	California	Grassvalley	39.320	-121.300	39.080	-120.880
pittsburgh_pennsylvania	Pennsylvania	Pittsburgh	40.880	-80.711	40.023	-79.249
trois-rivieres_canada	Canada	Trois Rivieres	46.428	-72.701	46.294	-72.467
boise_idaho	Idaho	Boise	43.613	-116.211	43.313	-115.911
iowa-city_iowa	Iowa	Iowa City	41.696	-91.616	41.599	-91.463
orlando_florida	Florida	Orlando	28.610	-81.516	28.358	-81.221
managua_nicaragua	Nicaragua	Managua	12.250	-86.451	11.826	-85.935
rochester_new-york	New York	Rochester	43.213	-77.710	43.089	-77.528
des-moines_iowa	Iowa	Des Moines	41.781	-93.904	41.486	-93.435
auburn_alabama	Alabama	Auburn	32.644	-85.543	32.568	-85.408
columbus_ohio	Ohio	Columbus	40.459	-83.482	39.542	-82.479
gainesville_florida	Florida	Gainesville	29.945	-82.659	29.417	-82.049
mobile_alabama	Alabama	Mobile	30.883	-88.363	30.496	-87.832
puebla_mexico	Mexico	Puebla	19.149	-98.382	18.876	-98.078
santa-cruz_california	California	Santa Cruz	37.091	-122.155	36.939	-121.890
redlands_california	California	Redlands	34.138	-117.325	33.968	-116.976
bangor_maine	Maine	Bangor	44.864	-68.871	44.757	-68.643
tucson_arizona	Arizona	Tucson	32.577	-111.328	31.944	-110.555
springfield_missouri	Missouri	Springfield	37.271	-93.417	37.092	-93.207
jacksonville_florida	Florida	Jacksonville	30.586	-82.049	30.103	-81.391
las-vegas_nevada	Nevada	Las Vegas	36.615	-115.581	35.757	-114.211
savannah_georgia	Georgia	Savannah	32.250	-81.328	31.850	-80.830
hartford_connecticut	Connecticut	Hartford	41.818	-72.711	41.710	-72.565
fort-collins_colorado	Colorado	Fort Collins	40.618	-105.144	40.478	-104.987
atlanta_georgia	Georgia	Atlanta	34.618	-85.386	32.844	-83.269
port-au-prince_haiti	Haiti	Port Au Prince	18.683	-72.518	18.456	-72.112
montreal_canada	Canada	Montreal	46.057	-74.734	44.968	-72.723
yellowknife_canada	Canada	Yellowknife	62.526	-114.516	62.402	-114.241
reno_nevada	Nevada	Reno	39.769	-120.094	39.309	-119.506
regina_canada	Canada	Regina	50.543	-104.776	50.361	-104.462
san-jose_california	California	San Jose	37.469	-122.046	37.125	-121.589
asheville_north-carolina	North Carolina	Asheville	35.686	-82.737	35.478	-82.358
stockton_california	California	Stockton	38.058	-121.420	37.888	-121.184
banff_canada	Canada	Banff	51.228	-115.698	51.128	-115.439
cincinnati_ohio	Ohio	Cincinnati	39.471	-84.843	38.875	-84.121
austin_texas	Texas	Austin	30.670	-98.212	29.931	-97.234
terre-haute_indiana	Indiana	Terre Haute	39.578	-87.508	39.367	-87.280
waterloo-region_canada	Canada	Waterloo Region	43.694	-80.872	43.263	-80.186
san-diego_california	California	San Diego	32.910	-117.288	32.558	-116.918
macon_georgia	Georgia	Macon	32.969	-83.907	32.660	-83.482
walt-disney-world_florida	Florida	Walt Disney World	28.442	-81.640	28.243	-81.507
portland_oregon	Oregon	Portland	45.897	-123.521	45.096	-122.110
sioux-city_iowa	Iowa	Sioux City	42.578	-96.507	42.367	-96.283
boston_massachusetts	Massachusetts	Boston	42.420	-71.191	42.228	-70.923
oklahoma-city_oklahoma	Oklahoma	Oklahoma City	35.713	-97.811	35.274	-97.278
juarez_mexico	Mexico	Juaréz	31.784	-106.592	31.524	-106.294
chattanooga_tennessee	Tennessee	Chattanooga	35.844	-86.385	34.252	-82.979
allentown_pennsylvania	Pennsylvania	Allentown	40.623	-75.543	40.550	-75.418
sacramento_california	California	Sacramento	38.955	-121.821	38.395	-120.995
state-college_pennsylvania	Pennsylvania	State College	41.106	-78.280	40.572	-77.302
nashville_tennessee	Tennessee	Nashville	36.652	-87.743	35.408	-85.778
santo-domingo_dominican-republic	Dominican Republic	Santo Domingo	18.685	-70.203	18.314	-69.620
panama-city_panama	Panama	Panama City	9.260	-79.598	8.907	-79.272
kingston_jamaica	Jamaica	Kingston	18.089	-76.859	17.921	-76.692
memphis_tennessee	Tennessee	Memphis	35.655	-90.409	34.551	-89.011
charlotte_north-carolina	North Carolina	Charlotte	35.476	-81.307	34.919	-80.396
south-lake-tahoe_california	California	South Lake Tahoe	39.450	-120.368	38.705	-119.654
toledo_ohio	Ohio	toledo_ohio	41.722	-83.785	41.518	-83.360
youngstown_ohio	Ohio	Youngstown	41.134	-80.712	41.046	-80.560
kent_ohio	Ohio	Kent	41.188	-81.389	41.133	-81.283
